<?xml version="1.0"?>

<routes xmlns:xsi="http://www.w3.org/2001/XMLSchema-instance"
        xsi:noNamespaceSchemaLocation="urn:magento:module:Magento_Webapi:etc/webapi.xsd">

    <route url="/V1/customOption/:customOptionId" method="GET">
        <service class="Daiva\PreOrder\Api\PreOrderRepositoryInterface" method="getById"/>
        <resources>
            <resource ref="Daiva_PreOrder::pre_order"/>
        </resources>
    </route>
    <route url="/V1/customOption/search" method="GET">
        <service class="Daiva\PreOrder\Api\PreOrderRepositoryInterface" method="getList"/>
        <resources>
            <resource ref="Daiva_PreOrder::pre_order"/>
        </resources>
    </route>
    <route url="/V1/DYOAddToCart" method="POST">
        <service class="Daiva\PreOrder\Api\PreOrderRepositoryInterface" method="save"/>
        <resources>
            <resource ref="Daiva_PreOrder::pre_order"/>
        </resources>
    </route>
    <route url="/V1/customOption/:id" method="PUT">
        <service class="Daiva\PreOrder\Api\PreOrderRepositoryInterface" method="save"/>
        <resources>
            <resource ref="Daiva_PreOrder::pre_order"/>
        </resources>
    </route>
    <route url="/V1/customOption/:customOptionId" method="DELETE">
        <service class="Daiva\PreOrder\Api\PreOrderRepositoryInterface" method="deleteById"/>
        <resources>
            <resource ref="Daiva_PreOrder::pre_order"/>
        </resources>
    </route>
</routes>
