<?xml version="1.0" ?>
<config xmlns:xsi="http://www.w3.org/2001/XMLSchema-instance" xsi:noNamespaceSchemaLocation="urn:magento:framework:ObjectManager/etc/config.xsd">
	
    <preference for="Daiva\PreOrder\Api\Data\PreOrderSearchResultsInterface" type="Magento\Framework\Api\SearchResults" />
    <preference for="Daiva\PreOrder\Api\Data\PreOrderInterface" type="Daiva\PreOrder\Model\PreOrder" />
    <preference for="Daiva\PreOrder\Api\PreOrderRepositoryInterface" type="Daiva\PreOrder\Model\PreOrderRepository" />

    <virtualType name="Daiva\PreOrder\Model\Api\SearchCriteria\PreOrderCollectionProcessor" type="Magento\Framework\Api\SearchCriteria\CollectionProcessor">
        <arguments>
            <argument name="processors" xsi:type="array">
                <item name="filters" xsi:type="object">Magento\Framework\Api\SearchCriteria\CollectionProcessor\FilterProcessor</item>
                <item name="sorting" xsi:type="object">Magento\Framework\Api\SearchCriteria\CollectionProcessor\SortingProcessor</item>
                <item name="pagination" xsi:type="object">Magento\Framework\Api\SearchCriteria\CollectionProcessor\PaginationProcessor</item>
            </argument>
        </arguments>
    </virtualType>
    <type name="Daiva\PreOrder\Model\PreOrderRepository">
        <arguments>
            <argument name="collectionProcessor" xsi:type="object">Daiva\PreOrder\Model\Api\SearchCriteria\PreOrderCollectionProcessor</argument>
        </arguments>
    </type>
    
    <type name="Magento\Framework\View\Element\UiComponent\DataProvider\CollectionFactory">
        <arguments>
            <argument name="collections" xsi:type="array">
               <item name="preorder_customer_listing_data_source" xsi:type="string">Daiva\PreOrder\Model\ResourceModel\Grid\PreOrder\Collection</item>
             </argument>
        </arguments>
    </type>
    
    <virtualType name="Daiva\PreOrder\Model\ResourceModel\Grid\PreOrder\Collection" type="Magento\Framework\View\Element\UiComponent\DataProvider\SearchResult">
        <arguments>
            <argument name="mainTable" xsi:type="string">daiva_preorder</argument>
            <argument name="resourceModel" xsi:type="string">Daiva\PreOrder\Model\ResourceModel\PreOrder</argument>
        </arguments>
    </virtualType>
</config>