<?xml version="1.0" ?>
<config xmlns:xsi="http://www.w3.org/2001/XMLSchema-instance" xsi:noNamespaceSchemaLocation="urn:magento:framework:ObjectManager/etc/config.xsd">
	<type name="Magento\Quote\Model\Quote\Item\ToOrderItem">
		<plugin name="quote_item_to_order_item" type="Bd\CustomOrder\Model\Plugin\Quote\OrderItem"/>
	</type>
	<preference for="Bd\CustomOrder\Api\Data\CustomOptionSearchResultsInterface"
                type="Magento\Framework\Api\SearchResults" />
    <preference for="Bd\CustomOrder\Api\Data\CustomOptionInterface" type="Bd\CustomOrder\Model\CustomOption" />
    <preference for="Bd\CustomOrder\Api\CustomOptionRepositoryInterface" type="Bd\CustomOrder\Model\CustomOptionRepository" />

    <virtualType name="Bd\CustomOrder\Model\Api\SearchCriteria\CustomOptionCollectionProcessor" type="Magento\Framework\Api\SearchCriteria\CollectionProcessor">
        <arguments>
            <argument name="processors" xsi:type="array">
                <item name="filters" xsi:type="object">Magento\Framework\Api\SearchCriteria\CollectionProcessor\FilterProcessor</item>
                <item name="sorting" xsi:type="object">Magento\Framework\Api\SearchCriteria\CollectionProcessor\SortingProcessor</item>
                <item name="pagination" xsi:type="object">Magento\Framework\Api\SearchCriteria\CollectionProcessor\PaginationProcessor</item>
            </argument>
        </arguments>
    </virtualType>
    <type name="Bd\CustomOrder\Model\CustomOptionRepository">
        <arguments>
            <argument name="collectionProcessor" xsi:type="object">Bd\CustomOrder\Model\Api\SearchCriteria\CustomOptionCollectionProcessor</argument>
        </arguments>
    </type>
</config>