<config xmlns:xsi="http://www.w3.org/2001/XMLSchema-instance" xsi:noNamespaceSchemaLocation="urn:magento:module:Magento_Config:etc/system_file.xsd">
    <system>
        <section id="payment">
            <group id="classyllama_llamacoin" translate="label comment" type="text" sortOrder="50" showInDefault="1" showInWebsite="1" showInStore="1">
                <label>Tempus</label>
                <field id="active" translate="label" type="select" sortOrder="1" showInDefault="1" showInWebsite="1" showInStore="0">
                    <label>Enabled</label>
                    <source_model>Magento\Config\Model\Config\Source\Yesno</source_model>
                </field>
                <field id="title" translate="label" type="text" sortOrder="30" showInDefault="1" showInWebsite="1" showInStore="1">
                    <label>Title</label>
                </field>
                <field id="cctypes" translate="label" type="multiselect" sortOrder="65" showInDefault="1" showInWebsite="1" showInStore="0">
                    <label>Credit Card Types</label>
                    <source_model>Magento\Payment\Model\Source\Cctype</source_model>
                </field>
               <field id="sort_order" showInDefault="1" showInStore="1" showInWebsite="1" sortOrder="60" translate="label" type="text">
	        <label>Sort Order</label>
		</field>
            </group>
        </section>
    </system>
</config>