<?xml version="1.0"?>

<config xmlns:xsi="http://www.w3.org/2001/XMLSchema-instance" xsi:noNamespaceSchemaLocation="urn:magento:framework:Acl/etc/acl.xsd">
    <acl>
        <resources>
            <resource id="Magento_Backend::admin">
                <resource id="Magento_Catalog::catalog">

                        <resource id="Bd_CustomOrder::custom_option" title="Pages" translate="title" sortOrder="10">
                            <resource id="Bd_CustomOrder::save" title="Save Page" translate="title" sortOrder="10" />
                            <resource id="Bd_CustomOrder::custom_option_delete" title="Delete Page" translate="title" sortOrder="20" />
                        </resource>

                </resource>

            </resource>
        </resources>
    </acl>
</config>
