<?xml version="1.0"?>

<routes xmlns:xsi="http://www.w3.org/2001/XMLSchema-instance"
        xsi:noNamespaceSchemaLocation="urn:magento:module:Magento_Webapi:etc/webapi.xsd">

    <route url="/V1/customOption/:customOptionId" method="GET">
        <service class="Bd\CustomOrder\Api\CustomOptionRepositoryInterface" method="getById"/>
        <resources>
            <resource ref="Bd_CustomOrder::custom_option"/>
        </resources>
    </route>
    <route url="/V1/customOption/search" method="GET">
        <service class="Bd\CustomOrder\Api\CustomOptionRepositoryInterface" method="getList"/>
        <resources>
            <resource ref="Bd_CustomOrder::custom_option"/>
        </resources>
    </route>
    <route url="/V1/DYOAddToCart" method="POST">
        <service class="Bd\CustomOrder\Api\CustomOptionRepositoryInterface" method="save"/>
        <resources>
            <resource ref="Bd_CustomOrder::custom_option"/>
        </resources>
    </route>
    <route url="/V1/customOption/:id" method="PUT">
        <service class="Bd\CustomOrder\Api\CustomOptionRepositoryInterface" method="save"/>
        <resources>
            <resource ref="Bd_CustomOrder::custom_option"/>
        </resources>
    </route>
    <route url="/V1/customOption/:customOptionId" method="DELETE">
        <service class="Bd\CustomOrder\Api\CustomOptionRepositoryInterface" method="deleteById"/>
        <resources>
            <resource ref="Bd_CustomOrder::custom_option"/>
        </resources>
    </route>
</routes>
