<?xml version="1.0"?>
<!--
/**
 * Copyright © 2016 MageWorx. All rights reserved.
 * See LICENSE.txt for license details.
 */
-->
<config xmlns:xsi="http://www.w3.org/2001/XMLSchema-instance" xsi:noNamespaceSchemaLocation="urn:magento:framework:ObjectManager/etc/config.xsd">
    <!-- Data -->
    <type name="MageWorx\OptionBase\Model\Product\Option\Attributes">
        <arguments>
            <argument name="data" xsi:type="array">
                <item name="option_title_id" xsi:type="object">MageWorx\OptionDependency\Model\Attribute\Option\TitleId</item>
                <item name="dependency" xsi:type="object">MageWorx\OptionDependency\Model\Attribute\Option\Dependency</item>
                <item name="dependency_type" xsi:type="object">MageWorx\OptionDependency\Model\Attribute\Option\DependencyType</item>
            </argument>
        </arguments>
    </type>
    <type name="MageWorx\OptionBase\Model\Product\Option\Value\Attributes">
        <arguments>
            <argument name="data" xsi:type="array">
                <item name="option_type_title_id" xsi:type="object">MageWorx\OptionDependency\Model\Attribute\OptionValue\TitleId</item>
                <item name="dependency" xsi:type="object">MageWorx\OptionDependency\Model\Attribute\OptionValue\Dependency</item>
                <item name="dependency_type" xsi:type="object">MageWorx\OptionDependency\Model\Attribute\OptionValue\DependencyType</item>
            </argument>
        </arguments>
    </type>
    <type name="MageWorx\OptionBase\Model\Product\Option\CollectionUpdaters">
        <arguments>
            <argument name="data" xsi:type="array">
                <item name="dependency" xsi:type="object">MageWorx\OptionDependency\Model\CollectionUpdater\Option\Dependency</item>
            </argument>
        </arguments>
    </type>
    <type name="MageWorx\OptionBase\Model\Product\Option\Value\CollectionUpdaters">
        <arguments>
            <argument name="data" xsi:type="array">
                <item name="dependency" xsi:type="object">MageWorx\OptionDependency\Model\CollectionUpdater\Option\Value\Dependency</item>
            </argument>
        </arguments>
    </type>

    <!-- validate dependencies -->
    <type name="MageWorx\OptionBase\Model\ValidationResolver">
        <arguments>
            <argument name="validators" xsi:type="array">
                <item name="option_dependency" xsi:type="object">MageWorx\OptionDependency\Model\Validator</item>
            </argument>
        </arguments>
    </type>

    <!-- Installation -->
    <type name="MageWorx\OptionBase\Model\Installer">
        <arguments>
            <argument name="installSchema" xsi:type="array">
                <item name="optiondependency_install_schema_data" xsi:type="object">MageWorx\OptionDependency\Model\InstallSchema</item>
            </argument>
        </arguments>
    </type>
</config>
